CODE,DESCRIPTION,DEPARTMENT,STANDARDCOST,LASTCOST,AVERAGECOST,PRICE1,PRICE4,SUPPLIER,DISCONTINUE
1,returns surcharge,1,4.4,0.4312,0.4312,0.0,0.0,10.0,False
2,FGL,1,4.5,3.7319,3.7313,6.0,0.0,10.0,True
3,Promo bag,13,2.0,2.0,2.0,3.0,0.0,0.0,True
4,Glass Wine,14,3.0,3.0,3.0,6.0,10.0,0.0,True
5,Cruiser Yellow,14,3.0,3.0,3.0,5.0,7.0,18.0,True
6,CONE,15,0.0,0.1084,0.1084,0.0,0.0,15.0,False
7,Roster16,15,14.5,11.4348,11.4348,18.0,0.0,0.0,True
8,Fuel unleaded,13,2.79,2.5416,2.5415,0.0,0.0,141.0,False
9,FGS,1,2.1,2.1739,2.1633,4.0,0.0,0.0,True
10,Jug 1.5l,13,5.0,4.1284,4.4139,10.0,10.0,14.0,False
11,Chicken16,15,14.5,11.213,11.213,18.0,0.0,0.0,True
12,BTK,1,3.0,3.0,3.0,4.0,0.0,0.0,True
13,Lemonade,18,1.66,1.4335,1.4335,2.5,0.0,0.0,True
14,mop with handle,13,5.0,7.8261,7.8261,0.0,0.0,3.0,False
15,Tequila Silver Shots,21,3.0,3.0,3.0,5.0,10.0,0.0,False
16,Rum375ml,1,32.0,32.0,32.0,39.0,0.0,0.0,True
17,Fika 70g,12,2.0,1.826,1.826,3.0,3.0,45.0,False
18,kool shake chocolate,15,0.74,0.7345,0.7345,1.2,0.0,15.0,False
19,Bounty Rum Shots,21,2.0,2.0,2.0,3.0,5.0,0.0,False
20,Fabuloso,13,6.15,5.9633,5.9633,7.0,7.0,97.0,False
21,Roasted Honey Peanut,12,2.2,2.1739,2.1739,3.2,4.0,0.0,False
22,Earpiece,13,4.5,3.6697,3.6697,8.0,0.0,0.0,True
23,Baigan,24,0.8,0.8,0.8,1.0,0.0,0.0,True
24,Brown Paper Bag,13,0.0285,0.0248,0.0248,0.5,0.0,12.0,False
25,Besan1kg,24,1.5,0.8696,0.8696,3.0,3.0,0.0,True
26,Choc a Mite,15,0.838,0.8379,0.8379,1.2,0.0,15.0,True
27,USB Flash Drive,13,15.0,15.0,15.0,12.0,0.0,0.0,True
28,MG chips,1,3.5,3.5,3.5,4.2,0.0,0.0,True
29,Tea,3,0.0,0.0901,0.0901,1.0,2.0,0.0,False
30,Coffee,18,0.5,0.8142,0.838,2.0,2.0,0.0,False
31,Cup Ice,18,0.8,0.8,0.8,1.0,2.0,12.0,True
32,Plain Elbow,13,0.4,0.3478,0.3478,0.6,0.6,161.0,False
33,GlassJuice,18,0.7,0.7,0.7,1.0,0.0,8.0,True
34,Exo,13,1.6,1.8349,1.8349,2.7,2.7,0.0,True
35,Chivas Whisky1000ml,14,150.0,150.0,150.0,170.0,0.0,0.0,True
36,Sambucca black shots,21,7.0,7.0,7.0,5.0,10.0,0.0,False
37,Plain Tee,13,0.6,0.5218,0.5218,0.8,0.8,161.0,False
38,chillies,10,0.8,0.8696,0.8696,1.0,1.0,2.0,True
39,Chicken17,15,15.44,13.7178,13.6705,19.0,19.0,30.0,True
40,coca cola,2,0.0,0.0,0.0,0.0,0.0,8.0,True
41,Bara,11,0.08,0.08,0.08,0.1,0.0,0.0,True
42,Flip Flops,13,3.0,3.4348,3.5201,10.0,12.0,50.0,False
43,Wifi,13,4.0,4.0,4.0,5.0,0.0,50.0,True
44,Mentos,12,0.75,0.1835,0.1835,0.5,0.0,46.0,True
45,Socks,12,0.8,0.7263,0.7263,1.5,0.0,0.0,True
46,True Love,15,0.8,0.6078,0.6561,1.2,0.0,15.0,True
47,Fijisun,13,1.2,1.2,1.2,1.4,0.0,0.0,True
48,Meat Bird,15,5.0,5.0,5.0,7.0,0.0,0.0,True
49,Sixers,12,0.3,0.2752,0.2752,0.5,0.0,60.0,True
50,Body Spray,13,2.97,3.2003,3.2003,6.0,0.0,41.0,True
51,Suki Moro,16,1.2,0.8696,0.8696,2.0,3.0,0.0,False
52,Thermal Paper,13,0.9,1.9131,1.9131,4.0,0.0,18.0,False
53,Soap Powder400g,13,1.12,2.0184,2.4771,3.0,0.0,0.0,False
54,CD case,13,2.0,2.0,2.0,3.0,0.0,0.0,True
55,Godrej Aer Pocket Fragrance,13,1.8,1.8017,1.8017,1.8,0.0,28.0,True
56,Klin Maid500ml,13,2.81,4.2609,4.2609,3.8,0.0,18.0,True
57,Plain Socket,13,0.3,0.2609,0.2609,0.5,0.5,161.0,False
58,Tamarind Candy,12,0.07,0.0375,0.0382,0.1,0.0,45.0,False
59,tamarind candy,8,0.04,40000.0,40000.0,0.1,0.0,45.0,True
60,Frooto 250ml,18,1.0,0.9174,0.9174,1.5,0.0,0.0,True
61,Choco Date 56g,12,1.2,1.1009,1.1009,0.5,0.0,0.0,True
62,PVC Stop End,13,0.2,0.1739,0.1739,0.4,0.4,161.0,False
63,Super star 32g,12,0.92,0.841,0.841,1.5,2.0,52.0,True
64,Vicks,13,1.5,1.1315,1.1315,2.0,2.0,22.0,False
65,ORG Panadol,24,1.92,1.789,1.789,3.0,0.0,22.0,False
66,Cheeze Ring,12,1.6,1.4679,1.4679,2.5,0.0,45.0,True
67,Chardin Gel,13,1.65,1.8349,1.8349,2.5,0.0,45.0,False
68,6packGold750ml,14,24.0,26.5998,26.6028,40.0,60.0,0.0,False
69,Trojan,13,0.8,0.8,0.8,2.0,0.0,12.0,False
70,Checkout Bag,13,0.3,0.2043,0.2042,0.5,0.0,8.0,False
71,Choka Top Gold,15,0.0,0.8532,0.8501,1.2,0.0,15.0,True
72,Babylon,12,0.3,0.2752,0.2752,0.5,0.0,0.0,True
73,Straw,13,0.0,0.0345,0.0345,0.2,0.0,6.0,False
74,twisties chicken 20g,12,0.0,0.3635,0.3635,0.6,0.0,15.0,False
75,BSM SEO 80g,12,0.9,0.8209,0.8209,1.5,0.0,53.0,True
76,Garam Bhuddah120g,12,0.9,2.35,2.2676,3.0,0.0,45.0,True
77,Playing Cards,13,1.0,0.8695,0.8695,2.0,0.0,41.0,False
78,Digi1,17,0.93,0.8696,0.8696,1.0,0.0,32.0,False
79,Digi7,17,5.64,6.0367,6.0367,7.0,0.0,0.0,True
80,bic erasor blade,13,1.319,1.3043,1.3043,2.0,0.0,14.0,False
81,Hansel,12,0.75,0.6881,0.6881,1.0,0.0,7.0,True
82,Freight,1,2.18,3.211,2.0424,2.5,0.0,76.0,False
83,VDRINK250ML,18,4.8,5.7572,5.7572,6.0,10.0,0.0,True
84,Checker,12,0.5,0.3623,0.3623,1.0,0.0,92.0,False
85,Kool Shake Vanilla,15,0.857,0.7454,0.7454,1.2,0.0,15.0,False
86,Cooler Bag,13,30.0,30.0,30.0,50.0,0.0,15.0,False
87,GOLDER MOSQUITO COIL 10S,13,2.0,1.3044,1.3194,3.0,0.0,14.0,False
88,701,2,20.0,40.0,40.0,0.0,0.0,0.0,True
89,702,2,40.0,50.0,50.0,0.0,0.0,0.0,True
90,703,2,60.0,60.0,50.0,0.0,0.0,0.0,True
91,704,2,30.0,60.0,60.0,0.0,0.0,0.0,True
92,705,2,30.0,40.0,40.0,0.0,0.0,0.0,True
93,706,2,30.0,60.0,60.0,0.0,0.0,0.0,True
94,707,2,30.0,50.0,50.0,0.0,0.0,0.0,True
95,708,2,30.0,40.0,40.0,0.0,0.0,0.0,True
96,709,2,30.0,40.0,40.0,0.0,0.0,0.0,True
97,710,2,50.0,50.0,50.0,0.0,0.0,0.0,True
98,Voda4,17,3.76,3.2696,3.2696,4.0,0.0,7.0,True
99,711,2,80.0,80.0,80.0,0.0,0.0,0.0,True
100,Phone Charging,13,1.0,1.0,1.0,2.0,2.0,0.0,False
102,Urea 1kg,10,1.098,1.098,1.098,2.0,0.0,86.0,False
103,Nova/Piato,1,2.5,2.5,2.5,3.0,0.0,0.0,True
104,UBM Choc biscuit200g,12,1.84,1.6667,1.6873,2.5,0.0,0.0,True
105,NPK 1kg,10,1.2549,1.2549,1.2549,2.0,0.0,86.0,True
106,TSP 1kg,10,1.1609,1.1609,1.1609,2.0,0.0,86.0,True
107,Sixth Scents,13,2.97,2.2221,2.2221,3.8,0.0,0.0,True
108,Raffle $1,1,0.8,0.8,0.8,1.0,0.0,0.0,True
109,pk4s,1,0.5,0.5,0.5,1.0,0.0,0.0,True
110,ink7,17,6.58,6.0367,6.0367,7.0,0.0,0.0,True
111,jug 1l,13,0.0,3.4348,3.4348,0.0,0.0,172.0,False
112,Peanut ruff,1,0.6,0.6,0.6,1.0,0.0,0.0,True
113,Honey1000ml,24,17.0,14.7826,14.7826,21.0,0.0,0.0,True
114,Coffee Cup,13,0.5,0.2417,0.2417,1.0,1.0,0.0,False
115,Golden Drop 750ml,24,2.4,2.0935,2.0935,2.55,0.0,0.0,True
116,BUTTER NUT,12,0.1,0.0522,0.0533,0.15,0.2,122.0,False
117,Red Label nip,1,3.5,3.5,3.5,5.0,0.0,0.0,True
118,Coke330,1,1.69,1.69,1.69,2.0,0.0,0.0,True
119,Extras,13,0.8,0.8,0.8,1.0,1.0,0.0,False
120,Ice Cream4.5L,15,180.0,11.4,11.4,22.0,0.0,0.0,True
121,Hydro Complex 1kg,10,1.6666,1.6666,1.6666,2.5,0.0,86.0,False
122,Agri-Lime,10,0.6,0.5534,0.5534,1.0,0.0,86.0,False
123,Amine 5L,10,0.0,40.7982,40.7982,68.0,0.0,86.0,True
124,Glyphosate 5L,10,49.95,34.1993,35.1238,50.0,0.0,86.0,False
125,MCPA,10,0.0,18.3119,18.3119,28.0,0.0,87.0,False
126,Sundothrin,10,0.0,38.1193,38.1193,58.0,0.0,87.0,False
127,Suncis 1L,10,0.0,31.367,31.367,48.0,0.0,87.0,False
128,Malathion 1L,10,0.0,24.2018,24.2018,40.0,0.0,87.0,False
129,Prevathon 100ml,10,0.0,31.1009,31.1009,48.0,0.0,87.0,False
130,Benomyl 100g,10,0.0,6.0826,6.0826,10.0,0.0,87.0,False
131,Growth Formula,10,0.0,15.1835,15.1835,24.0,0.0,87.0,False
132,nukunuku2,1,0.0,6.6055,2.8972,0.4,0.0,88.0,False
133,nukunuku1,1,0.0,6.6055,1.7893,0.0,0.0,88.0,False
134,EFL bill,1,0.0,0.9174,0.5466,0.0,0.0,88.0,False
135,Connect  Bill,1,0.0,35.7798,0.5584,0.0,0.0,88.0,False
136,Water Bill,1,0.0,5.0642,5.0642,0.0,0.0,89.0,False
137,Lettuce7Won20g,10,7.87,7.2202,7.2202,11.0,0.0,35.0,True
138,Lettuce1g,10,0.3935,0.3935,0.3935,1.0,0.0,0.0,True
139,Okra Tin,10,20.3,18.6239,18.6239,28.0,0.0,0.0,True
140,Okra Pkt,10,0.3222,0.3222,0.3222,1.0,0.0,0.0,False
141,Cow Peas 500g,10,6.0,5.5046,5.5046,7.0,0.0,0.0,False
142,Cow Peas 50g,10,0.6,0.6,0.6,1.0,0.0,0.0,False
143,Capscicum 20g,10,5.2,4.7706,4.7706,7.0,0.0,0.0,True
144,Capscicum pkt,10,0.3714,0.3714,0.3714,1.0,0.0,0.0,True
145,Tomato 10g,10,20.3,18.6239,18.6239,28.0,0.0,0.0,True
146,Tomato Pkts,10,1.45,1.45,1.45,2.5,0.0,0.0,True
147,Farmers Giant 10g,10,0.0,6.6055,6.6055,10.0,0.0,0.0,True
148,WaterMelon Fielder Master 100g,10,0.0,24.9541,24.9541,29.5,0.0,0.0,True
149,Butter Bean 500g,10,5.5,5.0459,5.0459,8.0,0.0,0.0,False
150,Butter Bean 50g,10,0.55,0.55,0.55,1.0,0.0,0.0,False
151,French Bean 500g,10,5.0,4.5872,4.5872,7.5,0.0,0.0,False
152,French Bean 50g,10,0.5,0.5,0.5,1.0,0.0,0.0,False
153,Long Bean,10,16.9,15.5046,15.5046,25.0,0.0,0.0,False
154,Long Bean Pkt,10,1.69,1.69,1.69,2.0,0.0,0.0,False
155,White Long Bean 100g,10,0.0,5.0459,5.0459,8.0,0.0,0.0,True
156,Summer Autum 100g,10,0.0,10.8715,10.8715,17.0,0.0,0.0,True
157,Karela 20g,10,7.0,6.422,6.422,10.0,0.0,0.0,True
158,Karela Pkt,10,0.5,0.5,0.5,1.0,0.0,0.0,True
159,Karela e/star 10g,10,7.2,6.6055,6.6055,10.0,0.0,0.0,True
160,Karela e/star pkt,10,0.72,0.72,0.72,2.0,0.0,0.0,True
161,Malathiol 1L,10,0.0,26.4128,26.4128,40.0,0.0,0.0,True
162,Diazimon 1L,10,0.0,31.3669,31.3669,45.0,0.0,0.0,False
163,Multiguard 1L,10,0.0,41.055,41.055,62.0,0.0,0.0,False
164,Superguard 1L,10,0.0,28.1651,28.1651,43.0,0.0,0.0,True
165,Light Green Long Bean 500g,10,16.9,16.9,16.9,25.0,0.0,0.0,False
166,Light Green Long Bean pkt,10,1.69,1.69,1.69,2.0,0.0,0.0,False
167,Barfi,12,0.7,0.6422,0.6422,1.0,0.0,12.0,True
168,Lakri,12,0.4,0.367,0.367,0.5,0.0,12.0,True
169,BH20 SWITCH,16,0.0,0.0,0.0,18.0,0.0,7.0,False
170,UBM Cracker360g,12,2.7,2.7,2.7,3.5,0.0,59.0,True
171,UBM Square Puff360g,12,2.7,2.4425,2.4425,3.5,0.0,59.0,True
172,tuckers vanilla ice-cream cone,15,0.0,1.0,1.0,0.0,0.0,15.0,False
173,billiard,13,0.0,0.0,0.0,0.5,0.5,173.0,False
174,cassava Chips small,12,0.0,0.367,0.367,0.5,0.0,12.0,True
175,Cassava chips big,12,0.0,0.734,0.734,1.0,0.0,12.0,True
176,Rice Chheda small,12,0.0,0.367,0.367,0.5,0.0,12.0,True
177,Rice Chheda big,12,1.58,1.4526,1.4526,2.5,0.0,12.0,True
178,jug blackrock 2 cans,14,0.0,6.9566,6.9624,0.0,15.0,0.0,False
179,POPS 1Litre,18,1.72,1.5847,1.5847,2.5,0.0,96.0,True
180,Fijian H2O Water 1.5L,18,1.0,1.1,1.1025,2.5,5.0,96.0,True
181,Peanut pkt Chilli,12,1.5,1.522,1.522,2.0,2.0,45.0,True
182,lamb bbq chops,15,0.0,2.4712,2.4575,0.0,0.0,99.0,False
183,Jug Rum Cola,14,8.1,9.2127,9.393,21.0,20.0,0.0,False
184,REWA BUTTER 125G,24,0.0,3.0779,3.0779,4.15,0.0,22.0,False
185,Regal Gin shots,21,5.0,5.0,5.0,10.0,5.0,0.0,False
186,Sambucca 1L,14,105.0,99.5141,99.5141,200.0,200.0,0.0,True
187,Kahlua shots,21,5.0,5.0,5.0,15.0,15.0,0.0,False
188,Quick Fuck,21,7.0,7.0,7.0,5.0,12.0,0.0,True
189,JagerBomb,21,7.0,7.0,7.0,5.0,10.0,0.0,True
190,Slipery Nipple,21,7.0,7.0,7.0,5.0,10.0,0.0,True
191,Kamikazi,21,7.0,7.0,7.0,5.0,12.0,0.0,True
192,Lemon Drop,21,7.0,7.0,7.0,5.0,9.0,0.0,True
193,Three Wise Men,21,10.0,10.0,10.0,5.0,12.0,0.0,True
194,B-52,21,7.0,7.0,7.0,5.0,10.0,0.0,True
195,Screaming Orgasm,21,7.0,7.0,7.0,5.0,12.0,0.0,True
196,Baileys,21,7.0,7.0,7.0,5.0,10.0,0.0,True
197,Jack Daniels shots,21,7.0,7.0,7.0,5.0,10.0,0.0,False
198,Black Label,21,7.0,7.0,7.0,5.0,9.0,0.0,True
199,Red Label,21,7.0,7.0,7.0,5.0,9.0,0.0,True
200,Mojito,21,7.0,7.0,7.0,5.0,15.0,0.0,True
201,ICE-CREAL TRIPLE RIPPLE 2L,15,0.0,7.905,7.905,12.0,0.0,15.0,False
202,coffee cup,13,0.0,0.0,0.0,0.0,0.0,3.0,True
203,hot paper cup,13,0.0,0.073,0.073,0.0,0.0,3.0,False
204,8 PORT POE SWITCH 120W,13,155.0,134.7826,134.7826,155.0,0.0,188.0,False
205,WALLSON TOMATO SAUCE,24,0.0,2.6,2.6,0.0,0.0,174.0,False
207,Black Label200ml,14,30.0,30.0,30.0,40.0,0.0,0.0,True
208,ROYAL TEA BAGS,24,0.0,0.0901,0.0901,0.5,0.0,14.0,False
212,Bundaberg Rum shots,21,4.0,4.0,4.0,5.0,12.0,0.0,False
220,Wine Bottle,14,15.0,15.0,15.0,25.0,30.0,0.0,True
221,Marist 7's 440ml,14,4.0,4.0,4.0,6.0,5.0,0.0,True
223,GROG3,19,1.7,1.7391,1.7391,3.0,5.0,0.0,False
224,Grog5Pack,19,3.0,2.2489,2.2489,5.0,0.0,0.0,False
241,NECTOR,18,0.0,0.0,0.0,5.0,0.0,0.0,True
242,SWAAD Lemonade,18,1.2,1.835,1.835,3.0,0.0,0.0,True
243,Rooster13,15,10.3,10.087,9.9761,15.0,0.0,36.0,True
244,CHICKEN18,15,16.0,13.6567,13.7858,20.0,0.0,0.0,True
245,CHICKEN11,15,0.0,8.9257,8.9257,13.0,0.0,0.0,True
246,CHICKEN12,15,0.0,7.5,8.945,14.0,0.0,0.0,True
247,CHICKEN13,15,0.0,8.6956,10.0519,15.0,0.0,0.0,True
248,CHICKEN15,15,13.75,12.6126,12.6126,14.95,0.0,0.0,True
252,SAUSAGE,15,0.5,0.8261,0.8261,0.75,2.0,0.0,False
253,LAMBCHOPS,15,16.0,16.0,16.0,19.95,0.0,0.0,True
254,SUN POP,15,0.07,0.09,0.091,0.3,0.0,0.0,False
261,Fish fresh,15,6.0,6.087,6.087,9.5,12.0,0.0,True
262,CONE ICE CREAM,15,0.0,1.1084,1.1084,2.0,0.0,0.0,False
263,ICE PACK2kg,15,0.8,0.6347,0.6347,2.0,2.0,0.0,False
265,Mango Skin,12,0.0,0.0663,0.0663,0.1,0.0,0.0,False
271,COOL AIR,12,0.1694,0.0926,0.0986,0.3,0.0,0.0,True
272,LONG BAR,12,0.0,0.0593,0.0593,0.1,0.0,0.0,False
273,ChokiChoki,12,0.25,0.2348,0.2428,0.5,0.0,0.0,False
275,Joddy,16,0.9,0.9,0.9087,2.0,2.0,0.0,False
277,Peas 80c,12,0.35,0.4348,0.4348,0.8,1.0,10.0,False
280,KOPICO,12,0.0,0.0646,0.0646,0.1,0.0,0.0,False
282,BBC200,12,0.0,1.6055,1.6055,2.5,0.0,0.0,True
283,ARROW ROOT,12,1.81,1.6735,1.6893,3.0,0.0,0.0,False
285,Fika14g,12,0.35,0.3364,0.342,0.5,0.0,0.0,True
286,UFOS50g,12,0.6,0.573,0.573,1.5,2.0,0.0,True
291,Takeaway Singles,13,0.155,0.3435,0.3435,0.5,0.5,0.0,False
293,Popcorn,12,1.2,1.1009,1.1009,2.0,0.0,0.0,True
294,BUBBLE GUM,12,0.0,0.0667,0.0661,0.2,0.0,0.0,False
295,BONBON,12,0.0,0.2717,0.262,0.5,0.0,0.0,False
296,Mill Mix,13,16.15,14.8,14.8,20.0,0.0,0.0,True
298,Tan Mackeral sauce 425g,24,2.33,2.2653,2.2127,2.59,0.0,0.0,True
302,Ink2,17,1.7247,1.7248,1.7248,2.0,2.0,7.0,True
308,TELECARD3,17,0.0,2.56,2.5581,3.0,0.0,9.0,True
311,Saluka 10s,16,0.9,0.8696,0.8696,2.0,3.0,0.0,False
313,Bentownsend20s,16,13.0,11.9266,11.9266,16.0,0.0,0.0,True
314,ROTHMANS10s,16,4.6,6.9037,6.9037,10.0,0.0,0.0,True
317,SOY SAUCE500ml,24,1.85,1.5971,1.5971,3.0,0.0,0.0,True
320,SAUCE3L,24,0.0,0.0,0.0,15.0,0.0,0.0,True
321,SAUCE425G,24,1.7,1.2301,1.3284,2.8,2.8,0.0,True
323,RedCow Powdered Milk,24,6.8,6.8,6.8,6.8,0.0,0.0,True
326,JANOLA,13,0.0,2.0435,2.0435,2.9,0.0,0.0,False
328,Toilet Paper,13,0.39,0.3482,0.3482,1.0,1.0,27.0,False
329,Melon Whole,24,0.5,0.5,0.5,1.0,1.0,0.0,True
330,Bathing Soap,13,0.6,0.4133,0.4132,1.0,0.0,0.0,False
331,OPENER,13,0.0,0.9174,0.9174,2.0,0.0,0.0,False
332,Pental Pen,13,0.8,0.8093,0.812,1.5,0.0,0.0,False
333,SOAP POWDER200g,13,1.45,0.826,0.8946,2.5,0.0,0.0,True
334,Mackerel 425g,24,2.5,2.54,2.54,3.0,0.0,0.0,True
336,PANADOL,24,0.1,0.0359,0.0325,0.2,0.0,0.0,False
337,PANADOL*COPY*,24,0.1,0.0359,0.0325,0.2,0.0,0.0,False
338,HONEY600ml,24,13.0,11.0092,11.0092,15.0,0.0,0.0,True
339,Grog1kg,19,0.0,64.2202,64.2202,85.0,0.0,0.0,True
340,COFFEE Sachets,24,0.4,0.3871,0.388,1.0,1.0,0.0,True
342,Celotape$1,13,0.75,0.75,0.75,1.0,0.0,0.0,True
346,RICE10kg,24,11.0,10.0917,10.2947,14.65,0.0,0.0,True
352,8GB USB,13,15.0,15.0,15.0,20.0,0.0,0.0,True
353,Black ChineseLoly,12,0.25,0.1103,0.109,0.3,0.5,0.0,False
356,BBC25g,12,0.155,0.1529,0.1529,0.3,0.0,0.0,True
358,GARBAGE BAG,13,0.3211,0.32,0.3242,1.0,1.0,0.0,False
359,EGG,24,0.367,0.3058,0.3058,0.5,2.0,36.0,True
362,PICA 180g,12,2.5,1.3043,1.8323,3.49,0.0,0.0,True
363,Nova,12,1.6,1.3913,1.2518,2.0,0.0,0.0,True
364,Damage Charges,13,0.9,0.9,0.9,1.0,1.0,0.0,True
373,Corntos,12,1.63,1.8349,1.8349,3.0,5.0,0.0,True
374,Red Chinese Lolly,12,0.1,0.0502,0.052,0.1,0.0,17.0,False
375,Bhindi,16,0.5833,0.5919,0.5919,1.5,0.0,0.0,True
376,Plastic Cup,13,0.15,0.0452,0.0452,0.5,0.5,2.0,False
377,18 Degrees Water,18,1.1,1.1,1.1,3.0,0.0,0.0,True
379,Mix Vegetable1kg,24,4.4,4.0367,4.0367,5.5,0.0,0.0,True
381,DVD Blanks,13,3.0,2.0,2.0,2.0,0.0,0.0,True
382,Schweppes330ml,18,2.19,1.617,1.617,2.5,0.0,0.0,True
383,bic d/edge blades,13,1.0,1.0522,1.0522,1.0,0.0,0.0,True
384,Anchor250ml,18,1.71,1.485,1.485,2.5,2.5,0.0,True
385,Powdered Milk450g,24,6.7,4.5428,4.5428,5.35,0.0,0.0,True
386,Snipers,12,0.8,0.7339,0.7339,1.2,0.0,45.0,True
387,DVD Player,13,8.0,8.0,8.0,10.0,0.0,0.0,True
389,Coil Singles,13,0.5,0.5,0.5,1.0,0.0,14.0,False
395,Digi10,17,9.3,8.6248,8.6248,10.0,0.0,0.0,True
397,Digi Sim,17,0.0,0.0,0.0,3.0,0.0,32.0,True
398,Sugar1kg,24,1.81,2.4348,2.4348,2.81,0.0,2.0,False
399,Kremo,12,1.1,0.7619,0.7619,1.5,0.0,2.0,True
402,7 O'Clock blade,13,0.6,0.4348,0.4348,1.0,0.0,0.0,True
405,Chicken14,15,12.63,8.2569,8.2569,16.0,0.0,15.0,True
407,Rooster14,15,9.65,10.8696,10.3478,16.0,0.0,36.0,True
408,Tea Masala,24,2.88,2.5044,2.5044,3.5,0.0,21.0,True
409,Hotel Soap,13,0.19,0.1325,0.1427,0.5,0.0,21.0,True
410,Colgate100g,24,0.6,0.5217,0.5217,3.0,0.0,0.0,True
411,Cantebury Mutton,24,3.95,3.8693,3.8693,4.51,0.0,0.0,True
412,Jack n Jill Cremo,12,1.0,1.1927,1.1916,2.0,0.0,0.0,True
413,Banana,24,0.7,0.7,0.7,1.0,0.0,0.0,True
414,Farmersmutton326g,24,4.56,3.6519,3.6519,4.69,0.0,22.0,True
415,Cassava,11,0.4,0.4,0.4,1.0,1.0,0.0,False
416,Koro Sea Tuna,24,1.5,1.8087,1.8087,2.5,0.0,22.0,False
417,Laser Light,13,1.65,1.3991,1.5245,5.0,0.0,0.0,True
419,Melon Pieces,24,0.4,0.4,0.4,0.5,0.0,0.0,True
420,Fun Flavor,18,2.25,1.2975,1.2975,3.0,4.0,0.0,True
421,Mogumogu320ml,18,2.25,0.0,1.0534,2.5,0.0,0.0,True
422,Monosodium454g,24,4.64,4.0333,4.0333,6.0,0.0,0.0,True
426,Ketchup,24,0.1,0.0884,0.0928,0.5,0.0,7.0,True
428,Vodka750ml,14,47.5,41.6728,41.9384,60.0,0.0,0.0,True
431,Celotape$2,13,1.2,0.8188,0.8188,2.0,0.0,6.0,False
432,Corn Flakes,12,0.55,0.55,0.55,0.8,0.0,7.0,True
433,M&S Chocolate,12,0.75,0.8601,0.8601,1.2,0.0,12.0,True
434,Corn Flour,24,1.76,1.5275,1.5277,2.5,2.5,0.0,True
443,Cruiser Green,14,0.0,3.3945,3.3945,5.0,7.0,1.0,True
457,SWAAD Raspberry,18,1.2,1.83,1.83,3.0,0.0,0.0,True
458,SWAAD Orange,18,1.2,1.83,1.8324,3.0,0.0,0.0,True
459,SWAAD Pineapple,18,1.2,1.83,1.83,3.0,0.0,0.0,True
460,SWAAD Fruit Cocktail,18,1.2,1.5942,1.5942,3.0,3.0,0.0,False
462,WINE Merlot,14,0.0,12.8397,12.8397,20.0,30.0,18.0,True
469,Thumbs Up45g Ready Salted,12,1.4,0.9,0.9,1.5,0.0,40.0,True
471,Thumbs Up150g chilly,12,1.4,4.1083,4.1083,6.5,10.0,40.0,True
473,Thumbs Up150g ready salted,12,2.92,2.92,2.92,6.5,10.0,40.0,True
476,Absolute Vodka Shots,21,3.0,3.0,3.0,5.0,12.0,0.0,False
477,Malibu Rum shots,21,4.0,4.0,4.0,5.0,12.0,0.0,False
478,Jack Daniels750ml,14,68.0,64.596,64.596,150.0,150.0,0.0,True
479,Jim Beam shots,21,3.0,3.0,3.0,5.0,12.0,0.0,False
480,Bombay Sapphire Shots,21,5.0,5.0,5.0,15.0,10.0,0.0,False
481,Long Island Ice Tea,21,7.0,7.0,7.0,5.0,15.0,0.0,True
482,Margarita,21,7.0,7.0,7.0,5.0,15.0,0.0,True
483,Fusion Illusion,21,7.0,7.0,7.0,5.0,15.0,0.0,True
484,Sunrise,21,7.0,7.0,7.0,5.0,15.0,0.0,True
485,Fusion on the Beach,21,7.0,7.0,7.0,5.0,15.0,0.0,True
486,Thumbs UP150g ChiliGarlic,12,2.75,4.1086,4.1086,6.5,7.0,40.0,False
487,Shot glass,13,3.95,3.6238,3.6239,0.0,0.0,0.0,True
489,Tequila Gold Shots,21,3.0,3.1191,3.1191,10.0,10.0,0.0,False
490,czarina Vodka shots,21,3.0,3.0,3.0,5.0,5.0,0.0,False
491,Regal Whisky shots,21,4.0,4.0,4.0,10.0,10.0,13.0,False
492,Deluxe Whisky Shots,21,4.0,4.0,4.0,5.0,10.0,0.0,False
493,Sambucca Vanilla shots,21,7.0,7.0,7.0,5.0,12.0,0.0,False
495,Jug 3can Bitter,14,6.48,6.9381,6.9381,20.0,15.0,0.0,False
496,Bitter Tower,14,17.6,18.8664,18.8664,0.0,55.0,0.0,False
497,Bitter Bucket,14,11.0,11.7915,11.7915,0.0,30.0,0.0,False
498,12Pack Rum Cola,14,32.4,35.1,35.1,40.0,72.0,0.0,False
499,Rum Cola 6Pack,14,16.2,16.875,16.875,20.0,35.0,0.0,False
502,Jug Joske2can,14,8.0,5.6834,5.6838,20.0,20.0,0.0,False
503,Joske 24Pack,14,96.0,68.2008,68.2056,89.0,144.0,0.0,False
504,Minanyoung shots,21,4.0,4.0,4.0,5.0,5.0,0.0,False
505,Sambucca White shots,21,7.0,7.0,7.0,5.0,12.0,0.0,True
507,Bunny Chow,4,5.0,5.0,5.0,8.0,8.0,12.0,False
508,Marshmallow Twist,12,0.1,0.0917,0.0949,0.2,0.0,45.0,True
509,VAIWAI 1.5L,18,1.2,1.1086,1.1086,3.0,3.0,96.0,True
510,SHISHA FLAVOUR - BLUEBERRY,16,10.0,10.0,10.0,20.0,20.0,12.0,True
511,SHISHA FLAVOUR - TWO APPLE,16,10.0,10.0,10.0,20.0,20.0,12.0,True
512,SHISHA FLAVOUR - FUNKY ICE,16,10.0,10.0,10.0,20.0,20.0,12.0,True
513,CHARCOAL,16,2.0,2.0,2.0,5.0,5.0,12.0,True
514,Bread SLice,24,0.63,0.5734,0.5734,1.0,2.0,0.0,True
515,TOMATO SAUCE,12,0.0,1.6973,1.6973,0.0,0.0,2.0,True
516,Cheddar Cheese 200g,15,2.66,2.66,2.66,5.5,0.0,6.0,True
517,Lamb Sausage 1.5Kg,15,10.5,17.3481,17.3481,14.95,0.0,6.0,False
518,Cruiser 5Pack,14,0.0,15.7165,15.7165,0.0,30.0,0.0,False
519,Lollipop,12,0.33,0.33,0.33,0.5,0.5,45.0,True
520,Fresh Room Air Freshner,13,2.5,3.1407,3.1407,5.0,5.0,45.0,False
521,Bula Pop,15,0.0,0.2347,0.2347,1.0,0.0,15.0,True
522,FACE MASK,13,1.25,0.1836,0.1836,1.0,2.0,58.0,False
525,NICE CHEWING GUM,12,0.16,0.1468,0.1468,0.3,0.0,104.0,True
526,Local Beer Pallet,14,32.7,28.4348,25.7391,35.0,0.0,13.0,True
527,Jug 3Cruiser,14,0.0,9.4299,9.3867,14.0,25.0,0.0,False
528,Rum Punch,14,6.2,7.0417,7.0417,12.0,12.0,0.0,False
529,Vodka Punch,14,8.2,9.0417,9.0417,12.0,12.0,0.0,False
530,Jug Tribe RED,14,8.1,8.3262,8.3262,15.0,20.0,0.0,False
531,Tribe 6Pack,14,16.2,16.65,16.65,30.0,30.0,0.0,False
532,Haldi 100g,24,0.63,0.8257,0.8257,1.5,2.0,0.0,True
533,Masala 100g,24,1.0,0.8257,0.8257,1.5,2.0,0.0,True
534,Chili 100g,24,1.5,1.3761,1.3761,2.0,2.0,0.0,True
535,Jeera 100g,24,1.3,1.1927,1.1927,2.0,2.0,0.0,True
536,Saroso 100g,24,0.63,0.5505,0.5505,1.5,2.0,0.0,True
537,Saumph 50g,24,0.63,0.5963,0.5963,1.0,2.0,0.0,True
538,Methi 100g,24,0.63,0.9174,0.9174,1.5,2.0,0.0,True
539,$2 Coupon,14,0.0,0.0,0.0,0.0,0.0,0.0,False
540,FMF Dalo Chips 45g,12,1.39,1.39,1.39,2.0,3.0,33.0,True
541,Plastic Bag 2KG,13,0.1,0.1083,0.1083,0.2,0.0,104.0,False
543,Hand Sanitizer,13,2.0,2.0,2.0,4.0,0.0,12.0,True
544,Amine 5Litre,10,44.45,40.79,40.79,55.0,0.0,40.0,True
545,Amine Gramazon 1KG,10,24.05,22.07,22.07,35.0,0.0,86.0,True
551,Mentos small,12,0.75,0.0565,0.0565,0.15,0.0,104.0,False
552,kitty doll 15g,12,0.35,0.3211,0.3211,0.5,0.7,0.0,True
555,Flat lolly pop,12,0.0,0.1274,0.1376,0.2,0.5,15.0,True
942,Tribe Yellow,14,2.7,2.9896,2.9896,4.0,7.0,0.0,True
1028,Pizza Smal,4,10.0,10.0,10.0,15.0,15.0,0.0,False
1034,Carrot1kg,24,2.9,2.5217,2.273,3.4,3.4,0.0,True
1035,Chicken Curry Bone,4,5.0,5.0,5.0,5.0,10.0,0.0,False
1037,Chicken n chips,4,6.0,6.0,6.0,7.0,10.0,0.0,False
1038,Chicken Chilli Sauce,4,5.0,5.0,5.0,8.0,8.0,0.0,True
1039,Chicken Nibbles,4,6.0,6.0,6.0,5.0,10.0,0.0,False
1040,Chicken Curry Boneless,4,5.0,5.0,5.0,7.0,7.0,0.0,True
1041,Chicken Mongolian,4,5.0,5.0,5.0,7.0,7.0,0.0,True
1042,Chicken Stir fry,4,0.0,0.0,0.0,7.0,7.0,0.0,True
1043,Chicken Chowmein,4,5.0,5.0,5.0,8.0,8.0,0.0,True
1044,Chicken Chopsuey,4,5.0,5.0,5.0,7.0,7.0,0.0,True
1045,Chicken Oyester Sauce,4,5.0,5.0,5.0,7.0,7.0,0.0,True
1046,Chicken Fried Rice,4,5.0,5.0,5.0,6.0,0.0,0.0,True
1047,Chilli Lamb,5,7.0,7.0,7.0,7.0,13.0,0.0,True
1048,Mutton Curry Bone,5,5.0,5.0,5.0,7.0,7.0,0.0,True
1049,Lamb Boneless,5,7.0,7.0,7.0,11.0,0.0,0.0,True
1050,Lamb Fried Rice,5,6.0,6.0,6.0,8.0,0.0,0.0,True
1051,Mutton Chopsuey,5,7.0,7.0,7.0,8.0,8.0,0.0,True
1052,Mutton chilli Sauce,5,5.0,5.0,5.0,8.0,8.0,0.0,True
1053,BBQ,11,0.5,3.2973,3.2836,5.0,10.0,0.0,False
1054,Mutton Stirfry,5,5.0,5.0,5.0,8.0,8.0,0.0,True
1055,Mutton Mongolian,5,5.0,5.0,5.0,8.0,8.0,0.0,True
1056,Sausage n chips,7,3.0,3.0,3.0,6.0,10.0,0.0,True
1057,Sausage Fried Rice,7,3.0,3.0,3.0,5.0,0.0,0.0,True
1058,1 Egg fried or boiled,9,0.7,0.7,0.7,0.0,0.0,0.0,True
1059,Sausage Sizzle,11,1.13,1.3995,1.3995,2.5,2.5,0.0,False
1060,Bowl of Chicken Curry,4,3.0,3.0,3.0,4.0,4.0,0.0,True
1061,Sausage Chowmein,7,4.0,4.0,4.0,7.0,7.0,0.0,True
1062,Chicken Boneless,4,6.0,6.0,6.0,8.0,0.0,0.0,True
1063,Egg Fried Rice,9,3.0,3.0,3.0,0.0,0.0,0.0,True
1064,Fries,9,2.0,1.0239,1.0239,5.0,7.0,0.0,False
1065,Breakfast,9,2.0,1.7321,1.4732,0.0,0.0,0.0,False
1066,Rice,9,0.5,0.5,0.5,1.0,0.0,0.0,False
1067,Fish Chaser,11,4.0,4.0,4.0,5.0,5.0,0.0,False
1068,Fish Chaser,6,6.0,6.0,6.0,8.0,0.0,0.0,True
1069,Fish n Fries,6,5.0,5.0,5.0,5.0,10.0,0.0,False
1070,Fish in Butter Sauce,6,5.0,5.0,5.0,7.0,0.0,0.0,True
1071,Fish Stir Fry,6,5.0,5.0,5.0,7.0,0.0,0.0,True
1072,Fish Fingers,6,5.0,5.0,5.0,8.0,0.0,0.0,True
1073,Fish in Lemon Sauce,6,5.0,5.0,5.0,7.0,0.0,0.0,True
1074,Fish Mangolian,6,5.0,5.0,5.0,7.0,0.0,0.0,True
1075,Fish Parcel,6,4.0,4.0,4.0,5.0,0.0,0.0,True
1076,Duck Curry,10,8.0,8.0,8.0,12.0,0.0,0.0,True
1077,Goat Curry,10,8.0,8.0,8.0,12.0,0.0,0.0,True
1078,Prawn kg,15,32.0,32.0,32.0,34.0,0.0,0.0,True
1080,Veg Soup small,8,3.0,3.0,3.0,4.0,0.0,0.0,True
1081,Chicken Soup small,8,3.0,3.0,3.0,5.0,0.0,0.0,True
1082,Veg Chowmein,11,5.0,5.0,5.0,6.0,0.0,0.0,True
1083,Veg Mongolian,11,4.0,4.0,4.0,6.0,0.0,0.0,True
1084,Veg Chopsuey,11,4.0,4.0,4.0,6.0,0.0,0.0,True
1085,Veg StirFry,11,4.0,4.0,4.0,6.0,0.0,0.0,True
1086,Vegetarian meal,11,4.0,4.0,4.0,5.0,0.0,0.0,True
1087,Veg Curry,11,3.0,3.0,3.0,5.0,0.0,0.0,True
1099,Rooster15,15,13.15,11.4348,11.4348,17.0,0.0,0.0,True
1105,Chicken Palau,11,3.0,3.0,3.0,4.0,4.0,0.0,False
1106,Half Roast Chicken,4,0.0,0.0,0.0,12.0,12.0,0.0,True
1119,HotDog,11,1.13,1.3995,1.3995,5.0,5.0,0.0,False
1120,Prawn Cutlet,9,0.0,0.0,0.0,9.0,10.0,0.0,True
1121,Spicy Wings,4,6.0,6.0,6.0,6.0,12.0,0.0,False
1123,Pizza Medium,4,15.0,15.0,15.0,25.0,25.0,0.0,False
1124,Powerade750ml,18,4.35,3.7187,3.7187,5.0,6.5,0.0,True
1126,Pizza Large,4,22.0,22.0,22.0,35.0,35.0,0.0,False
2000,HOMEMADE ICE-BLOCK,15,0.45,0.2717,0.2717,0.5,0.0,177.0,False
2007,Bee Wax,13,2.5,2.5,2.5,3.5,0.0,0.0,True
2015,Cucumber,24,0.7,0.8696,0.8696,1.0,1.0,0.0,True
2021,Peanut pkt 130g,12,1.58,1.4526,1.5444,2.0,2.0,45.0,True
2025,Toy Cars,13,1.2,0.9174,0.9174,2.0,0.0,0.0,True
2026,Thumbs Up115g,24,1.5,1.5,1.5,2.0,0.0,0.0,True
2032,MixPeas$1,12,0.4,0.4348,0.4348,1.0,1.5,0.0,False
2079,Onion,24,1.35,1.2174,1.2739,1.65,0.0,0.0,True
2089,Monkeys ball,12,0.211,0.1014,0.1014,0.2,0.0,0.0,False
2090,Mogumogu1L Melon,18,4.0,3.6697,3.6697,5.0,5.0,0.0,True
2095,Mogumogu1L Coconut,18,4.0,3.6697,3.6697,5.0,5.0,0.0,True
2096,Mogumogu1L BlackCurrent,18,4.0,3.6697,3.6697,5.0,5.0,0.0,True
2097,Mogumogu1L Strawberry,18,4.0,3.6697,3.6697,5.0,5.0,0.0,True
2098,Bottle,13,0.06,0.06,0.06,1.3,1.3,0.0,False
2099,Mogumogu1L Litchi,18,4.0,3.6697,3.6697,5.0,5.0,0.0,True
2102,Nova,24,0.0,0.0,0.0,4.0,0.0,0.0,True
2103,Piato,24,0.0,0.0,0.0,4.0,0.0,0.0,True
2105,Mogumogu1L Grapes,18,4.0,3.6697,3.6697,5.0,5.0,0.0,True
2106,Mogumogu1L Mango,18,4.0,3.6697,3.6697,5.0,5.0,0.0,True
2109,pk4s,24,0.0,0.0,0.0,1.0,0.0,0.0,True
2112,Peanut Ruff,24,0.0,0.0,0.0,1.0,0.0,0.0,True
2114,hotMix80g,12,0.83,0.9174,0.9174,1.5,2.0,0.0,True
2116,Bhajia,11,0.08,0.08,0.08,0.1,0.0,0.0,True
2285,Warm Shoes,13,6.5,5.5046,5.5046,10.0,10.0,0.0,False
2310,T shirt,13,9.0,9.1743,9.1743,15.0,0.0,12.0,True
2361,Potato,24,1.4,1.2019,1.3162,1.65,0.0,7.0,True
2404,Caps,13,2.0,2.0,2.0,10.0,0.0,7.0,True
5244,Rental5244,20,0.8,0.8,0.8,1.0,0.0,0.0,False
5245,Rental5245,20,0.8,0.8,0.8,1.0,0.0,0.0,True
5246,Rental5246,20,0.8,0.8,0.8,1.0,0.0,0.0,False
5247,Rental5247,20,0.8,0.8,0.8,1.0,0.0,0.0,True
5248,Rental5248,20,0.8,0.8,0.8,1.0,0.0,0.0,False
5249,Rental Bond,20,1.0,1.0,1.0,1.0,0.0,0.0,False
11136002,Saluka Loose,16,0.2,0.2348,0.2348,0.5,1.0,0.0,False
30004818,ZigZag Paper,16,1.1,1.1002,1.1001,2.0,0.0,0.0,False
30004819,ZigZag loose,16,0.0,0.0,0.0,0.5,0.5,0.0,False
93250917,VASELINE PETROLEUM JELLY 50G,13,3.225,3.2246,3.2246,4.5,0.0,11.0,False
93545037,EXTRA SPEARMINT 14G,12,0.9,0.975,0.975,1.5,0.0,0.0,False
93562997,Extra spearmint 4s,12,0.684,0.975,0.975,0.6,1.0,11.0,False
93573009,JuicyFruit10s,12,0.8,0.841,0.841,1.5,1.5,0.0,False
93573023,PK10S,12,0.6,0.8409,0.8409,1.5,1.5,0.0,False
93573030,PK4S,12,0.3107,0.37,0.3708,1.0,1.0,0.0,False
93613323,JuicyFruit4s,12,0.4,0.285,0.2851,0.8,1.0,0.0,False
94128901,vdrink350ml,18,0.0,4.5978,4.5978,7.0,10.0,6.0,False
679920073,Milky cool 74ml,15,0.6,0.685,0.6782,1.0,0.0,45.0,False
3146720589,Punjas chochip cookies 130g,12,2.14,1.3913,1.4458,2.5,0.0,21.0,False
72616565105,Apollo wafer,12,0.41,0.2355,0.2341,0.5,1.0,0.0,False
66613000059,brunswick SARDINES IN SOYA OIL,24,2.42,2.42,2.42,2.54,0.0,11.0,False
70330700918,bic twin,13,0.88,0.7693,0.7569,1.5,0.0,15.0,False
86428411062,Heiniken,14,2.83,2.5992,2.5992,4.5,5.0,13.0,True
89686060027,Pop Mie Cup Noodles,24,1.526,1.9927,1.9944,3.0,3.0,0.0,False
102034054214,Virgin Oil,24,8.0,7.3395,7.3395,12.0,0.0,0.0,True
632565000012,WATER500ml,18,0.0,1.6333,1.6333,2.5,5.0,8.0,False
632565000029,Water 1L,18,3.0,2.3254,2.3254,3.5,5.0,0.0,False
632565000036,WATER1.5L,18,0.0,2.5921,2.5921,4.0,6.0,0.0,False
706799200019,TWISTIES CHEESE 20G,12,0.0,0.3555,0.3555,0.6,1.0,0.0,False
706799200033,TWISTIES CHEESE 100,12,0.0,1.7905,1.7905,2.8,4.0,0.0,False
706799200040,TWISTIES CHEESE 250g,12,3.0,2.9554,2.9554,5.0,7.0,0.0,False
706799200071,TWISTIES CHICKEN 100G,12,0.0,1.7905,1.7905,2.8,4.0,10.0,False
706799200088,TWISTIES CHICKEN 250G,12,3.1126,2.5125,2.5636,5.0,7.0,15.0,False
706799200095,ufos20g,12,0.25,0.2787,0.2787,0.5,1.0,0.0,False
706799200255,Ufos100g,12,1.85,1.7905,1.7905,2.8,4.0,0.0,False
706799200750,KOOL POP,15,0.0,0.39,0.39,0.7,0.0,0.0,False
706799200774,CHOCKATTACK,15,0.0,0.87,0.8699,1.5,0.0,0.0,False
706799200781,BLITZ,15,0.0,0.8701,0.8701,1.5,2.0,15.0,False
706799200798,PACIFIC SPLIT,15,0.6,0.71,0.71,1.0,0.0,0.0,False
706799200811,MILK ICE BLOCK-TUCKERS,15,0.3,0.5,0.5,1.0,0.0,0.0,False
850040319088,black rock rum&cola 9% 500ml,14,0.0,3.4783,3.4812,7.0,10.0,0.0,False
955705006653,Marigld fruit drink  apple 250,18,1.41,1.41,1.41,2.0,8.0,11.0,False
70330600065,GAS LIGHTER,13,0.0,1.9732,1.9646,3.5,5.0,22.0,False
1220000061545,MOTHER320ML,18,2.16,2.7833,2.7833,4.0,6.0,0.0,False
1461051648853,QUICKDIAL5,17,0.0,4.266,4.266,5.0,0.0,9.0,True
4586868686014,Salve petroleum jelly 50ml,15,1.0,0.9174,0.9174,2.5,0.0,45.0,True
4791045002932,Royal tea bagsclassic 25s 50g,24,0.0,1.6696,1.6696,2.5,0.0,22.0,False
4791059000481,LION EXTRA 12%,14,6.09,4.7706,4.7706,7.0,10.0,46.0,True
4800060421205,Diaper Big,13,1.5,2.5115,2.5115,3.5,0.0,0.0,True
4801688103511,Cheese ring 60g,12,2.6,2.2645,2.2645,3.0,2.5,26.0,False
4806511010042,Corn bits chicken flavor 70g,12,1.2,1.3044,1.3044,2.0,0.0,122.0,False
4806511010066,CORN BITS MIX NUTS 70G,24,0.0,1.3043,1.3043,2.0,0.0,78.0,False
4806511011681,corn bits spicy hot 70g,12,1.2,1.1304,1.1304,2.0,0.0,122.0,False
4806511015009,Corn Bits chili cheese  70g,12,1.2,1.3043,1.3084,2.0,2.0,0.0,False
4808888201115,tooth brush,13,0.9,0.9507,0.9474,1.7,0.0,0.0,False
4902778559291,uni marker blue,13,0.0,0.8703,0.8703,1.5,0.0,11.0,False
4902778559307,uni marker black,13,0.0,0.8703,0.8703,1.5,0.0,11.0,False
5333333123401,INK1,17,0.0,0.8174,0.8174,1.0,0.0,7.0,False
5388887655670,TAKI GLASS,13,0.5,0.4348,0.452,1.5,2.0,0.0,False
5555001340044,Ink4,17,3.76,3.2696,3.2696,4.0,0.0,7.0,False
5555001340082,INK8,17,0.0,6.5391,6.5394,8.0,0.0,7.0,True
5555001340099,ink9,17,0.0,7.3557,7.3558,9.0,0.0,7.0,False
5555001340105,INK10,17,0.0,8.174,8.174,10.0,0.0,7.0,True
5555001340112,INK11,17,10.34,8.9913,8.9913,11.0,0.0,7.0,False
5555001340204,Ink20,17,18.8,16.3478,16.3478,20.0,0.0,7.0,False
5555001340303,Ink30,17,28.2,24.5217,24.5217,30.0,0.0,0.0,False
6291003003165,Tiffany strawberry,12,0.3,1.0508,1.0508,2.0,0.0,26.0,False
6291003003202,Tiffany vanilla,12,0.3,1.0508,1.0508,2.0,0.0,26.0,False
6291003003219,Tiffany Coconut,12,0.3,1.05,1.05,2.0,0.0,26.0,False
6291003003227,Tiffany Orange,12,0.3,1.05,1.05,2.0,0.0,26.0,False
6291003003233,Tiffany choclate,12,0.3,1.0507,1.0507,2.0,0.0,26.0,False
6291003003257,Tiffany mango,12,0.3,1.0508,1.0508,2.0,0.0,26.0,False
6291003005640,CRUNCH N CREAM ORANGE 65G,12,1.6,1.6,1.6,2.5,0.0,21.0,False
6291003005657,CRUNCH N CREAM VANILLA 65G,12,1.6,1.6,1.6,2.5,0.0,21.0,False
6291003005855,CRUNCH N CREAM STRAWBERRY 65G,12,1.6,1.6,1.6,2.5,0.0,21.0,False
6291003005862,CRUNCH N CREAM CHOCOLATE 65G,12,1.6,1.6,1.6,2.5,0.0,21.0,False
6291003024627,TIFFANY DUET CHO-VANILLA 50G,12,1.05,1.05,1.05,1.8,0.0,21.0,False
6291003024658,TIFFANY DUET S-CREAM 80G,12,1.05,1.05,1.05,1.8,0.0,21.0,False
6921248702201,Zizi Tattoo,12,0.3,0.1739,0.1956,0.6,0.0,6.0,False
6930548976526,GARLIC 400G,24,0.0,1.9913,1.9913,0.0,0.0,14.0,False
6938056200379,Band Aid plaster,13,0.0,0.0174,0.0174,0.2,0.0,41.0,False
6970895712521,TIK TOK 12G,12,0.0,0.2175,0.2175,0.5,0.0,78.0,False
6970895713856,strawberry bubble gum,12,0.0533,0.0464,0.0464,0.1,0.0,78.0,False
6973606566413,MICO FRUIT JELLY 80G,12,0.0,0.3623,0.3623,0.7,0.0,78.0,False
6977928840145,KING SALTED PEANUTS 150GRM,12,1.65,0.0,2.1217,3.5,5.0,0.0,False
6991258914123,PREMIUM FOOD MACKEREL T/S 425G,24,0.0,1.8483,1.8483,2.08,0.0,191.0,False
6991258914147,PREMIUM FOOD MACKEREL T/S 155G,24,0.0,0.85,0.85,0.89,0.0,191.0,False
7067992007755,CHOCKATTACK34$2,15,0.0,2.61,2.6097,2.0,0.0,0.0,True
7067992007823,TwinBLITZ,15,0.0,1.7402,1.7402,2.0,0.0,0.0,True
7622300559991,TANG 25g,24,0.0,0.3969,0.4092,1.0,0.0,0.0,False
8090445397850,vinaka bhuja sao 80g,12,0.0,0.779,0.779,1.8,0.0,0.0,False
8412531963525,Sonata Wine,14,11.75,9.5662,9.5703,20.0,30.0,6.0,False
8718104900028,Royal dutch 12% 500ml,14,0.0,5.819,5.819,9.0,12.0,6.0,False
8725000639679,Atlas,14,6.55,4.8444,4.8444,8.0,12.0,1.0,False
8850006321133,Colgate37g,24,0.95,1.4025,1.3757,2.0,0.0,22.0,False
8852187800100,cool world mint 10g,12,0.333,0.2899,0.2899,0.5,0.0,78.0,False
8888299758398,Super glue,13,0.6,0.2899,0.2899,1.5,0.0,0.0,False
8888336023816,Libra Pad,13,1.5,1.87,1.87,3.0,0.0,0.0,False
8901030942679,FAIR & LOVELY CREAM 25G,13,0.0,1.7102,1.7102,2.5,0.0,11.0,False
8901248701105,Zandu balm 8ml,13,2.0,1.6956,1.7155,2.5,0.0,139.0,False
8901324009286,Nataraj Blue Pen,13,0.0,0.1781,0.1679,0.5,0.0,11.0,False
8901725132682,Dark Fantasy Biscuits,12,1.633,1.4201,1.4201,2.0,2.5,11.0,False
8904064684355,CHAKRA SALT 500G,24,0.0,0.4592,0.4592,0.49,0.0,191.0,False
8909081000249,Sunfeast dark fantasy  choco c,12,1.25,1.25,1.25,2.0,2.5,11.0,False
8909081000300,Sunfeast dark fantasy vanilla,12,1.25,1.25,1.25,2.0,2.5,11.0,False
8935105810167,Lilly Mackerel T/S 155G,24,0.0,1.28,1.28,1.35,0.0,6.0,False
8992760121090,Oreo Peanut Flavor 123.5g,12,0.0,2.0704,2.0704,3.0,0.0,0.0,True
8992760221028,Oreo Original Flavour 123.5g,12,0.0,2.0627,2.0324,3.0,3.5,11.0,False
8992760223015,Oreo Chocolate Cream 123.5g,12,0.7,2.0704,2.0704,3.0,4.0,11.0,True
8992952132507,CHO CHO CHOCOLATE BAR 13G,12,0.0,0.3263,0.3263,0.5,0.0,78.0,False
8992952953430,Wafer Stick,12,0.05,0.0783,0.0783,0.2,0.0,104.0,False
8993500192011,Marimas,24,0.0,0.2355,0.2413,0.5,0.0,45.0,False
9000056100007,voda1,17,0.94,0.8174,0.8174,1.0,0.0,0.0,False
9200129100044,Voda4,17,3.76,3.2696,3.2696,4.0,0.0,7.0,False
9200129100082,Voda8,17,6.8996,6.5389,6.5389,8.0,0.0,7.0,True
9200129100099,Voda9,17,8.46,7.3565,7.3565,9.0,0.0,7.0,False
9200129100112,VODA11,17,0.0,8.9913,8.9913,11.0,0.0,0.0,True
9200129100129,voda12,17,11.28,9.8088,9.8088,12.0,0.0,7.0,False
9200129100150,VODA15,17,0.0,12.261,12.261,15.0,0.0,0.0,True
9200129100167,voda16,17,15.04,13.0783,13.0783,16.0,0.0,7.0,False
9200129100259,VODA25,17,21.56,20.4349,20.4349,25.0,0.0,0.0,False
9300601022649,Seacrown sardines t/s 125g,24,0.0,1.37,1.37,1.43,0.0,6.0,False
9300605030411,HAX,12,0.0,0.0632,0.0632,0.2,0.1,0.0,False
9300605109568,Maggi Curry Noodles,24,0.0,0.6455,0.6455,1.0,0.0,22.0,False
9300605109575,Maggi Chic Noodles,24,0.62,0.6136,0.6136,1.0,0.0,22.0,False
9300666328083,REXONA ORIGINAL 48H 250ML,13,0.0,6.2797,6.2797,9.0,0.0,11.0,False
9300752020181,WINE Sacred Hill,14,0.0,11.4,11.4176,20.0,30.0,18.0,False
9300752250076,WINE Shiraz,14,0.0,11.6,11.6,20.0,30.0,1.0,False
9310288712412,TT2,15,0.52,0.3745,0.3745,1.0,1.0,0.0,True
9310733000613,Jack Daniel Can 250ml,14,3.1,3.4783,3.4783,6.0,7.0,18.0,False
9310797246439,PALLMALL GREEN10s,16,0.0,7.1739,7.1701,10.0,12.0,0.0,False
9310797257220,BH10,16,9.5,7.652,7.652,12.0,15.0,0.0,False
9310797257237,BH20,16,6.75,15.2174,15.2174,21.0,22.0,0.0,False
9310797282161,BH10Switch,16,5.65,8.8696,8.8665,13.0,15.0,0.0,False
9310797285964,PALLMALL black 10s,16,0.0,5.7653,5.7725,9.0,12.0,16.0,False
9310797301077,PALLMALL RED 10S,16,0.0,6.6087,6.599,9.0,12.0,16.0,False
9325344002444,libra classic regular 10 pads,13,0.0,2.2696,2.2696,3.0,0.0,167.0,False
9337589000291,Condoms,13,0.0,1.3043,1.3043,2.5,0.0,68.0,False
9338815001013,BONGO20g,12,0.0,0.4507,0.4507,0.6,1.0,22.0,False
9338815001044,Bongo200g,12,3.25,3.4456,3.4456,5.0,7.0,22.0,False
9338815001136,PeanutRuff20g,12,0.3,0.4507,0.4507,0.6,1.0,0.0,False
9338815001150,PeanutRuff200g,12,3.25,3.4456,3.4456,5.0,6.5,0.0,False
9338815001198,Wheels 20g,12,0.0,0.4167,0.4167,0.6,1.0,22.0,False
9338815001204,Wheels35g,12,0.45,0.7656,0.7656,1.0,1.0,0.0,False
9338815001211,Wheels200g,12,0.0,3.4456,3.4456,5.0,7.0,22.0,False
9338815002645,Tuna Skipper,24,1.4,1.9797,1.9513,2.8,2.0,22.0,False
9358452000606,Chatsworth Shiraz wine 750ml,14,0.0,9.5652,9.5652,20.0,30.0,34.0,False
9400994604276,Vinaka Bhuja 80g,12,0.0,0.779,0.779,1.5,2.0,45.0,False
9403146709263,Punjas Crackers,12,1.25,2.1896,2.1896,2.65,0.0,0.0,False
9403146725232,punjas s-berry biscuits 250gm,12,0.0,1.85,1.85,3.0,0.0,21.0,False
9414043001138,bbc bhuja 20g,12,0.333,0.29,0.29,0.5,0.0,78.0,False
9414043001145,BBC80,12,0.625,0.9783,0.9798,1.8,2.5,0.0,False
9414453904432,Cruiser Rasp,14,0.0,3.1433,3.1433,5.0,7.0,1.0,False
9414453905507,Wood Stock,14,3.8333,3.4348,3.4296,7.0,8.0,18.0,False
9414453905508,6pack Wood Stock,14,22.9998,20.6088,20.5776,36.0,60.0,0.0,False
9414453905509,Jug Woodstock,14,7.6666,6.8696,6.8592,20.0,20.0,0.0,False
9414453909222,Cruiser White,14,0.0,2.9833,2.9833,5.0,7.0,1.0,True
9414631501359,ice cream neapolitan 4.5l,15,0.0,12.322,12.322,18.0,0.0,15.0,False
9414645302404,orchid twin pack toilet paper,13,0.0,1.461,1.461,1.99,0.0,167.0,False
9414681003242,fielders long grain rice 10kg,24,18.45,16.02,16.02,14.39,0.0,72.0,False
9414681003365,Kool Shake Banana,15,0.45,0.606,0.6366,1.2,0.0,0.0,False
9414681004249,TWISTIES SOUR CREAM  100g,11,0.0,1.7909,1.7909,2.8,4.0,15.0,False
9414681004324,Kool Shake Strawberry 100ML,15,0.45,0.4782,0.4782,1.2,0.0,0.0,False
9414681123490,YUMOS EXTRA CHEESY 100G,12,0.0,1.2899,1.2899,2.5,0.0,15.0,False
9414681200047,Curlies100g,12,1.3483,1.3565,1.3565,2.5,3.5,0.0,False
9414681200528,TWISTIES EXTRA CHEESE 100G,12,0.48,1.7905,1.7905,2.8,4.0,0.0,False
9414681200795,yumos chicken 100g,13,0.0,1.3565,1.3565,2.5,0.0,15.0,False
9414681200924,ufos200g,12,2.6,2.8234,2.8234,5.0,7.0,0.0,False
9414681500079,Tub100ml,15,0.88,0.7754,0.7754,1.2,0.0,0.0,False
9414681500086,Tub155ml,15,1.15,1.3995,1.3995,2.2,0.0,0.0,False
9414681500116,ICE CREAM vanila 2L,15,6.8,7.9,7.9022,12.0,0.0,15.0,False
9414681500130,ice cream starwberry 2l,15,0.0,7.9,7.9,12.0,10.0,15.0,False
9414681500147,ICE CREAM 600ml,15,2.4,2.7392,2.7392,4.0,0.0,15.0,False
9414681500192,ice cream passionfruit 2l,15,0.0,7.9,7.9,12.0,10.0,15.0,False
9415093003233,BEEF 326g,24,4.29,4.2898,4.2898,5.16,0.0,0.0,False
9415093003301,Farmers Mutton 326g,24,4.6433,4.9203,4.9203,5.92,0.0,0.0,False
9415093009549,Beef small 200g,24,1.69,2.8,2.8,3.37,0.0,0.0,False
9415795005559,Jive roasted and chilli 125g,12,0.0,2.1683,2.1683,3.8,5.0,6.0,False
9415795810108,NGoodness Soyabean oil 750ml,24,4.5658,4.5658,4.5658,4.84,0.0,6.0,False
9416121150998,Rewa Life white pkt 1L,24,2.41,2.4986,2.4986,3.07,0.0,7.0,False
9416216001464,COKE330,18,1.4,1.8083,1.8083,2.6,3.0,10.0,False
9416216001723,fanta330ml Orange,18,1.4,1.8083,1.8083,2.6,4.0,0.0,False
9416216001730,Sprite330ml,18,1.4,1.8083,1.8145,2.6,5.0,0.0,False
9416216002133,PULP1L Apple,18,3.5,4.2333,4.2333,6.0,8.0,0.0,False
9416216002331,PULP350 Tropical,18,0.0,2.1,2.1,3.0,5.0,0.0,False
9416216002768,PULP1L Tropical,18,0.0,4.2333,4.2333,6.0,8.0,0.0,False
9416216008999,fanta1.25L Pineapple,18,2.5,3.2254,3.2254,4.6,0.0,0.0,False
9416216009040,fanta1.25L Raspberry,18,2.5,3.2254,3.2254,4.6,0.0,0.0,False
9416216009347,Fanta2L Pineapple,18,3.5,4.575,4.575,6.5,10.0,0.0,False
9416216015362,Fanta600 Raspberry,18,1.4,2.2417,2.2417,3.2,5.0,0.0,False
9416216020434,Powerade500ml Red,18,2.35,2.9428,2.9529,4.2,6.0,0.0,False
9416216020441,powerade blackcurrant 500ml,18,3.3829,2.9417,2.9417,4.5,0.0,8.0,False
9416216020458,Powerade500ml Blue,18,2.35,2.9428,2.9427,4.2,6.0,0.0,False
9416216031898,PURE DROP 1L,18,1.1416,1.1421,1.142,2.5,0.0,8.0,False
9416216033915,JUCY1L Pineapple,18,0.0,2.4833,2.4833,3.6,5.0,0.0,False
9416216040661,FANTA PINEAPPLE 2.25L,18,4.95,4.3044,4.3044,7.5,0.0,166.0,False
9416216050813,JUCY1L Orange,18,0.0,2.4833,2.4833,3.6,5.0,0.0,False
9416216050837,JUCY1L Cocktail,18,0.0,2.4833,2.4833,3.6,5.0,0.0,False
9416216056471,FRUBU 500ml Mango,18,1.3,2.2208,2.2208,3.0,5.0,0.0,False
9416216056488,FRUBU 500ml Orange,18,1.3,2.4417,2.4417,3.0,5.0,0.0,False
9416216057324,COKE600,18,1.6,2.2417,2.2417,3.2,5.0,8.0,False
9416216057348,Fanta600 Orange,18,1.4,2.2417,2.2417,3.2,5.0,0.0,False
9416216057362,Sprite600ml,18,1.6,2.2417,2.2417,3.2,5.0,8.0,False
9416216073645,fanta330ml Pineapple,18,1.4,1.8083,1.8434,2.6,4.0,0.0,False
9416216075281,Frubu1250L Orange,18,2.32,3.5,3.5,5.5,5.0,0.0,False
9416216075298,Frubu1250L Mango,18,2.32,3.913,3.913,5.5,6.0,0.0,False
9416216082074,Fanta600 Pineapple,18,1.4,2.2417,2.2417,3.2,4.0,0.0,False
9416216086393,Coke2.25L,18,4.44,4.95,4.95,7.5,10.0,0.0,False
9416216086430,sprite 2.25l,18,0.0,4.3044,4.3044,7.5,0.0,8.0,False
9416216283051,sprite1.25L,18,2.5,3.2254,3.2254,4.6,6.0,0.0,False
9416216283068,COKE1250,18,2.81,3.2251,3.2251,4.6,5.0,8.0,False
9416216283075,fanta1.25L Orange,18,2.5,3.2254,3.2341,4.6,0.0,0.0,False
9416216284102,COKE2L,18,3.0,4.575,4.575,6.5,8.0,8.0,False
9416216284133,Fanta2L Orange,18,3.5,4.575,4.575,6.5,10.0,0.0,False
9416216284157,Sprite2L,18,2.81,4.575,4.575,6.5,10.0,0.0,False
9416310040307,tuckers cones 30s 100g,15,0.0,3.7319,3.7319,7.0,0.0,15.0,False
9416323105109,Golden Margarine 250g,24,1.9,1.8972,1.6507,2.3,0.0,11.0,False
9416323109350,SPRINT2.5L,18,2.75,4.5367,4.5107,6.5,10.0,0.0,False
9416323109404,SprintCola350ml,18,0.9,1.271,1.271,2.0,3.0,0.0,False
9416323109435,Sprint500ml,18,1.3,1.6728,1.6728,2.5,5.0,0.0,False
9416323109459,SPRINT1L Cola,18,1.7,0.0,2.3907,3.8,5.0,0.0,False
9416323109480,SPRINT1L Soda,18,1.7,2.5088,2.5088,3.5,5.0,0.0,False
9416335002212,SIZZLERS CHICKEN SAUSAGES 500G,15,3.5317,3.5315,3.5315,5.0,0.0,15.0,False
9416470126255,finefare cho 250g,12,1.74,1.7361,1.7361,3.0,0.0,0.0,False
9416470140251,Fine fare strawberry 250g,12,0.0,1.5899,1.5899,3.0,0.0,40.0,True
9416470181209,FMF Crackers 375g,12,1.35,2.0696,2.0696,2.5,0.0,40.0,False
9416470194209,Tymo145g,12,2.15,1.7808,1.7808,3.0,4.0,0.0,False
9416470213245,Thumbs Up45g Chicken,12,1.4,1.471,1.471,2.5,4.0,40.0,False
9416470214129,Thumbs Up150g Chicken,12,4.478,4.1086,4.1086,6.5,10.0,40.0,False
9416470216246,Thumbs Up45g Chili&Garlic,12,1.4,1.5061,1.5061,2.5,4.0,40.0,False
9416470218240,Thumbs Up45g hot&Spicy,12,1.4,1.5507,1.5507,2.5,4.0,40.0,False
9416470219124,Thumbs Up150g hot spicy,12,2.65,3.6819,3.6819,6.5,10.0,40.0,False
9416470227242,thumbs up  ready salted 45g,13,0.0,1.5507,1.5507,2.5,3.0,40.0,False
9416470239603,CHOW NOODLES,24,0.57,0.5304,0.5307,1.2,2.0,0.0,False
9416470366156,Thumbs UP150g Tomato,12,2.75,3.6825,3.6825,6.5,10.0,40.0,False
9416470367450,Thumbs Up45g Tomato,12,1.4,1.4275,1.4275,2.5,4.0,40.0,False
9416470522224,ChocChip COOKIES200g,12,2.14,1.8369,1.8369,3.0,4.0,40.0,False
9416470532223,COCONUT COOKIES200g,12,2.14,1.6977,1.6977,3.0,4.0,40.0,False
9416470542222,PEANUT COOKIES 200G,12,0.0,1.8369,1.8369,3.0,0.0,40.0,False
9416470549122,FMF PREMIUM SOYA BEAN OIL 1LTR,24,4.2,4.1892,4.1892,4.44,0.0,40.0,False
9416470555246,FMF  CREAM MILK POWDER 400G,24,5.88,5.88,5.88,6.7,0.0,40.0,False
9416470567485,FMF CUP NOODLES TOMATO 90G,12,1.2393,1.2393,1.2393,2.0,0.0,40.0,False
9416470571208,FMF QUICK WASH L D 800G,13,1.82,1.82,1.82,2.5,0.0,40.0,False
9416470615100,FMF FINEST P-CEYLON TEA 100G,24,1.73,1.73,1.73,1.83,0.0,40.0,False
9416470992508,ScotchFinger250g,12,1.41,2.43,2.4417,3.5,0.0,0.0,False
9416542500396,SEA KING,24,0.0,2.9021,2.9021,3.8,0.0,0.0,False
9416590000190,MATCHES,13,0.3,0.164,0.164,0.7,1.0,0.0,False
9416763000507,SUNRISE CHICKEN FLAV 100G,12,0.0,1.5565,1.5565,2.5,0.0,186.0,False
9416763000514,sunrise chili & garlic  100g,12,0.0,1.5565,1.5565,2.5,0.0,186.0,False
9416763000521,sunrise mix bhuja 100g,12,0.0,2.0174,2.0174,2.8,0.0,186.0,False
9416763000552,sunrise hot & spicy 100g,12,0.0,2.0174,2.0174,2.8,0.0,186.0,False
9417745000546,PETROLEUM JELLY 60ML,13,1.65,1.6305,1.6305,2.5,0.0,6.0,False
9418300001015,Sunbell Tuna 170GM,24,1.85,1.7391,1.7391,2.5,0.0,40.0,False
9419414400541,Twin Pop,15,0.4,0.4077,0.4077,1.0,0.0,45.0,True
9420016999708,Aqua1.5L,18,1.1,1.1232,1.1243,3.0,3.0,0.0,False
9421014520031,Gin1125ml,14,63.0,58.7533,58.7209,85.0,0.0,0.0,False
9421014520062,Regal Whisky1125ml,14,67.0,78.6154,69.4017,98.0,130.0,0.0,False
9421014520413,Deluxe Whisky1125ml,14,68.0,74.93,83.8458,120.0,120.0,0.0,False
9421014520833,Gin750,14,0.0,43.9297,43.6323,65.0,0.0,0.0,False
9421014520864,Regal Whisky750ml,14,50.5,41.6725,45.006,74.0,100.0,13.0,False
9421014520963,Deluxe Whisky750ml,14,61.0,51.4326,52.1686,78.0,100.0,0.0,False
9421014522042,Vodka375ml,14,27.0,24.3301,24.2838,35.0,60.0,0.0,False
9421014522059,Gin375,14,0.0,24.3301,24.3254,35.0,60.0,0.0,False
9421014522066,Regal Whisky375ml,14,28.0,25.1301,25.1301,34.0,55.0,0.0,False
9421014522073,Delux Whisky375ml,14,41.25,29.03,28.7574,43.0,50.0,0.0,False
9421014525302,Gold750ml,14,4.0,4.4333,4.4338,7.0,10.0,0.0,False
9421014525303,12Gold750ml,14,48.0,53.1996,53.2056,84.0,144.0,0.0,False
9421014525500,Gold355ml,14,2.2,2.3583,2.3619,4.5,7.0,13.0,False
9421014525501,6Pack Gold355ml,14,13.2,14.1498,14.1714,24.0,30.0,0.0,False
9421014525502,5Gold355ml,14,11.0,11.7915,11.8095,20.0,42.0,0.0,False
9421022800743,Stone 500ml 9%,14,0.0,3.8667,3.8667,6.0,8.0,72.0,False
9421030101658,Cruiser Blue,14,0.0,3.1433,3.1289,5.0,7.0,1.0,False
9421030104369,Wild bull with cola 440ml 8%,14,3.7,3.5652,3.5347,6.0,8.0,18.0,False
9421901704803,Rum1125ml,14,73.5,70.9297,70.7433,110.0,130.0,13.0,False
9421901704827,Rum750ml,14,45.5,51.0297,50.8809,75.0,100.0,0.0,False
9421901704841,Rum375ml,14,37.0,27.8,27.8,45.0,60.0,13.0,False
9421902692000,Bitter375ml,14,2.2,2.3583,2.3583,4.0,5.0,0.0,False
9421902692017,Bitter750ml,14,3.9,4.4333,4.4389,6.0,8.0,0.0,False
9421902692123,Rum n Cola btl 355ml,14,2.7,2.925,2.925,5.0,7.0,13.0,False
9421902692161,Tribe White,14,2.7,2.775,2.775,4.0,7.0,0.0,False
9421902692437,Joske Can,14,4.0,2.8417,2.8419,7.0,8.0,0.0,False
9421902692741,Tribe Green,14,2.7,2.775,2.8308,4.0,7.0,0.0,False
9421902692758,Tribe Blue,14,2.7,2.775,2.7752,4.0,7.0,0.0,False
9421902692765,Tribe Red,14,2.7,2.7754,2.7754,4.0,7.0,0.0,False
9421902692864,Rum n Cola can,14,2.7,2.8125,2.8125,5.0,7.0,13.0,False
9421902692888,Can Bitter 355ml,14,2.16,2.3127,2.3127,4.0,5.0,13.0,False
9421902692901,Gold Can,14,0.0,2.3127,2.3153,4.0,5.0,13.0,False
9421902692902,6Pack Gold Can,14,13.2,14.1498,14.1714,25.0,35.0,0.0,False
9421902692903,Jug gold 3 cans,14,0.0,6.9381,6.9459,15.0,20.0,0.0,False
9421902692925,Tribe Black,14,2.7,2.8544,2.8467,4.0,7.0,0.0,False
9421907058009,Chiefs bh10,16,0.0,5.5652,5.5652,10.0,10.0,80.0,True
9421907058016,Captain bh10,16,7.4,6.0,6.0,10.0,10.0,135.0,True
9421907436265,joske brew ginger 8% 330ml,14,0.0,2.8833,2.8833,5.0,0.0,15.0,True
9421907436364,Rum n Cola can 330ml 10%,14,2.7,3.0709,3.131,5.5,7.0,13.0,False
9421907436517,TRIBE VODKA LEMON CAN 330ML,14,0.0,2.5583,2.5583,4.0,5.0,8.0,False
9421907436555,TRIBE VODKA RASPBERRY 330ML,14,0.0,2.5583,2.5583,4.0,5.0,8.0,False
9421907436579,TRIBE VODKA LIME 330ML 5.5%,14,2.5583,2.5583,2.5583,4.0,5.0,8.0,False
9421907788005,FORGED RUM&COLA 9% 500ML,14,0.0,4.0,4.0,7.0,10.0,21.0,False
9421907788029,forged bourbon/cola 500ml 9%,14,3.65,3.65,3.65,7.0,10.01,21.0,False
9421907788036,FORGED GIN&TONIC 500ML,14,0.0,4.0,4.0,7.0,10.0,21.0,False
9421907788043,FORGED VODKA LEMON 9% 500ML,14,0.0,4.0,4.0,7.0,10.0,21.0,False
9506000148717,Bulaladee soju&cola 550ml 11%,14,4.5,0.0,2.7927,5.0,7.0,0.0,True
9506000148731,Minanyoung 125ml,14,10.5,9.633,9.633,18.0,25.0,0.0,True
9556001297877,NESCAFE ORIGINAL 3IN1 COFFEE,18,0.0,0.5725,0.5963,1.0,0.0,14.0,False
9556023331597,supering70g,12,1.6,2.6087,2.6087,3.0,3.0,0.0,False
9556031075216,protex bathing soap,13,0.0,1.5908,1.5908,2.0,0.0,22.0,False
9557327000622,drypers l12,13,0.0,6.0471,6.0471,9.05,0.0,167.0,False
9557327001025,Diaper Small,13,1.95,1.2844,1.2844,2.5,0.0,0.0,False
3330086354047,laxmi mix bhuja 70g,12,0.0,0.7561,0.7561,1.5,0.0,0.0,False
79814382782881,GARBAGE BAGS 30*40 10PCS,13,3.211,3.2,3.242,6.0,0.0,0.0,False
